,userfullname,workday,worktime,usercompany,onlyuserfirst,teamspiritcheck,projectcheck,timekeywordscheck,onetoonecheck,broadcastcheck,performancecheck,irrelevantcheck,externalcheck,noguest,labels
0,0,1,0,,0,0,1,0,0,0,0,0,0,0,n
1,0,1,0,,0,0,0,0,0,0,0,0,0,0,n
2,0,0,0,,0,1,0,0,0,0,1,0,0,2,team spirit
3,0,0,0,,0,0,0,0,0,0,0,0,0,0,n
4,0,0,0,,0,0,0,0,0,0,0,0,0,0,n
5,0,0,0,,0,0,0,0,0,0,0,1,0,0,n
6,1,0,0,,0,0,0,0,0,0,0,0,0,1,external
7,0,0,0,,0,0,1,0,0,0,0,0,0,0,external
8,0,0,0,,0,0,0,0,0,0,0,0,0,0,n
9,0,0,0,,0,0,0,0,0,0,0,0,0,0,n
10,0,0,0,,0,0,1,0,0,0,0,0,0,0,n
11,1,0,0,,0,0,0,0,0,0,0,0,0,1,external
12,0,0,0,,0,0,0,0,0,0,0,0,0,0,n
13,0,0,0,,0,0,1,0,0,0,0,0,0,1,one to one
14,0,0,0,,0,0,0,0,0,0,0,0,0,0,n
15,0,0,0,,0,0,0,0,0,0,0,0,0,0,n
16,0,0,0,,0,0,0,0,0,0,0,0,0,0,n
17,0,0,1,,0,0,0,0,0,0,0,0,0,0,n
18,0,0,0,,0,0,0,0,0,0,0,0,0,0,n
19,1,0,0,,0,0,0,0,0,0,0,0,0,1,external
20,1,0,0,,0,0,0,0,0,0,0,0,0,1,external
21,0,0,0,,0,0,0,0,0,0,0,0,0,0,n
22,0,0,0,,0,0,0,0,0,0,0,0,0,0,n
23,0,0,0,,0,0,0,0,0,0,0,0,0,0,n
24,0,0,1,,0,0,0,0,0,1,0,0,0,0,broadcast
25,0,0,0,,0,0,0,0,0,1,0,0,0,0,broadcast
26,0,0,0,,0,0,0,0,0,0,0,0,0,0,n
27,0,0,0,,0,0,0,0,0,1,0,0,0,0,broadcast
28,0,0,0,,0,0,0,0,0,0,0,0,0,0,n
29,0,0,0,,0,0,0,0,0,0,0,0,0,0,n
30,0,0,0,,0,0,0,0,0,1,0,0,0,0,broadcast
31,0,0,0,,0,0,0,0,0,0,0,0,0,0,n
32,0,0,0,,0,0,0,0,0,1,0,0,0,0,broadcast
33,0,0,0,,0,0,0,0,0,0,1,0,0,1,performance
34,0,0,0,,0,0,0,0,0,0,1,0,0,1,performance
35,0,1,0,,0,0,0,0,0,1,0,0,0,0,broadcast
36,0,1,0,,0,0,0,0,0,1,0,0,0,0,broadcast
37,0,1,0,,1,0,1,0,0,0,0,0,0,1,one to one
38,0,1,0,,0,0,0,0,0,0,0,0,0,0,n
39,0,1,0,,0,0,0,0,0,1,0,0,0,0,broadcast
40,0,1,0,,0,0,0,0,0,0,0,0,0,0,external
41,0,0,0,,0,0,0,0,0,0,1,0,0,2,project
42,0,0,0,,0,1,0,0,0,0,0,0,0,2,team spirit
43,0,0,0,,0,1,0,0,0,0,0,0,0,2,team spirit
44,0,0,0,,0,0,0,0,0,0,0,0,0,0,n
45,0,0,0,,0,0,0,0,0,0,0,0,0,0,n
46,0,0,1,,0,0,0,0,0,0,0,0,0,2,n
47,0,0,0,,0,0,0,0,0,0,0,0,0,0,n
48,0,0,0,,0,0,0,0,0,0,0,0,0,0,n
49,0,0,0,,0,1,0,0,0,0,0,0,0,2,performance
50,0,0,0,,0,0,0,0,0,0,0,0,0,2,team spirit
51,1,0,0,,0,0,0,0,0,0,0,0,0,1,external
52,0,1,0,,0,0,0,0,0,0,0,0,0,0,n
53,0,1,0,,0,0,0,0,0,0,0,0,0,0,n
54,0,0,0,,0,0,1,1,1,0,0,0,0,0,project
55,0,0,0,,0,0,1,1,1,0,0,1,0,0,n
56,0,0,0,,0,0,1,1,1,0,0,0,0,0,project
57,0,0,0,,0,0,0,0,0,0,0,0,0,0,project
58,0,0,0,,0,0,1,1,1,0,0,0,0,0,project
59,0,0,0,,0,0,1,1,1,0,0,0,0,0,project
60,0,0,0,,0,0,1,0,0,0,0,0,0,0,project
61,0,0,0,,0,0,0,0,0,0,0,0,0,0,team spirit
62,0,0,0,,0,0,1,1,1,0,0,0,0,0,project
63,0,0,0,,0,0,1,1,1,0,0,0,0,0,project
64,0,1,0,,0,0,0,0,0,0,0,0,0,0,n
65,0,1,0,,0,0,0,0,0,0,0,0,0,0,n
66,0,1,0,,0,0,0,0,0,0,0,0,0,0,n
67,0,1,0,,0,0,0,0,0,0,0,0,0,0,n
68,0,1,0,,0,0,0,0,0,0,0,0,0,0,n
69,0,1,0,,0,0,0,0,0,0,0,0,0,0,n
70,0,1,0,,0,0,0,0,0,0,0,0,0,0,n
71,0,0,0,,0,0,1,1,1,0,0,0,0,0,project
72,0,0,0,,0,0,1,1,1,0,0,0,0,0,project
73,0,0,0,,0,0,1,1,1,0,0,0,0,0,project
74,0,0,0,,0,0,0,0,0,0,0,1,0,0,n
75,0,0,0,,0,0,1,1,1,0,0,0,0,0,project
76,0,0,0,,0,0,0,0,0,0,0,1,0,0,n
77,0,0,0,,1,0,0,0,0,0,0,0,0,1,one to one
78,0,0,0,,0,0,0,0,0,1,0,0,1,4,broadcast
79,0,0,0,,1,0,1,1,1,0,0,1,0,1,one to one
80,0,0,0,,0,0,0,0,0,0,0,0,0,2,project
81,0,0,0,,0,0,0,0,0,0,0,1,0,32,n
82,0,0,0,,1,0,0,0,0,0,0,0,1,2,external
83,0,0,0,,1,0,0,0,0,0,0,1,0,1,n
84,0,0,0,,0,0,0,0,0,0,0,1,0,0,n
85,0,0,0,,0,0,1,0,0,0,0,0,1,3,project
86,0,0,0,,1,0,0,0,0,0,0,0,1,2,external
87,0,0,0,,0,0,0,0,0,0,0,0,1,6,external
88,0,0,0,,0,0,0,0,0,0,0,1,0,0,n
89,0,0,0,,1,0,0,0,0,0,0,0,1,2,external
90,0,0,0,,1,0,0,0,0,0,0,0,1,2,external
91,0,0,0,,1,0,0,0,0,0,0,0,1,2,project
92,0,0,0,,0,0,1,0,0,0,0,0,0,2,project
93,0,0,0,,1,0,1,0,0,0,0,0,0,1,one to one
94,0,0,0,,0,0,0,0,0,0,0,1,0,0,n
95,0,0,1,,0,0,0,0,0,0,0,1,0,2,n
96,0,0,0,,1,0,0,0,0,0,0,0,1,2,external
97,0,0,0,,0,1,0,0,0,0,0,0,1,5,team spirit
98,0,0,0,,0,0,0,0,0,1,0,0,1,4,broadcast
99,0,0,0,,0,0,0,0,0,0,0,1,0,32,n
100,0,0,0,,1,0,1,1,1,0,0,0,0,1,one to one
101,0,0,0,,1,0,0,0,0,0,0,0,1,1,external
102,0,0,0,,0,0,0,0,0,0,0,0,0,2,project
103,0,0,0,,0,0,0,0,0,0,0,0,0,2,project
104,0,0,0,,0,0,0,0,0,0,0,0,0,0,one to one
105,0,0,0,,0,0,0,0,0,1,0,0,0,9,broadcast
106,0,0,0,,0,0,0,0,0,0,0,0,0,0,n
107,0,0,0,,0,0,0,0,0,0,0,0,0,0,n
108,0,1,0,,0,0,0,0,0,0,0,1,0,0,n
109,0,0,0,,0,0,0,1,1,0,0,0,0,1,one to one
110,0,0,0,,0,0,0,0,0,0,0,0,0,0,n
111,0,0,0,,0,0,0,0,0,0,0,1,0,0,n
112,0,0,0,,0,0,0,0,0,0,0,0,0,0,n
113,0,0,0,,0,0,0,0,0,0,0,0,0,0,one to one
114,0,0,0,,0,0,0,0,0,0,0,1,0,0,n
115,0,0,1,,0,0,1,0,0,0,0,0,0,0,project
116,0,0,0,,0,0,0,0,0,0,0,0,0,0,n
117,0,0,0,,0,0,0,0,0,0,0,1,0,0,n
118,0,0,0,,0,0,0,0,0,0,0,0,0,0,project
119,0,0,0,,0,0,0,0,0,0,0,1,0,0,n
120,0,0,0,,0,0,0,0,0,0,0,0,0,0,n
121,0,0,0,,0,0,0,0,0,0,0,1,0,0,n
122,0,0,1,,0,0,0,0,0,0,0,1,0,0,n
123,0,0,0,,0,0,0,0,0,0,0,0,0,0,n
124,0,0,0,,0,0,0,0,0,0,0,1,0,0,n
125,0,0,0,,0,0,0,0,0,0,0,1,0,0,n
126,0,0,0,,0,0,0,1,1,0,0,0,0,1,one to one
127,0,0,0,,0,0,0,0,0,0,0,0,0,0,n
128,0,0,0,,0,0,0,0,0,0,0,1,0,0,n
129,0,1,0,,0,0,1,0,0,0,0,0,0,2,project
130,0,0,0,,0,0,0,0,0,0,0,0,0,0,external
131,0,0,0,,0,0,1,0,0,0,0,0,0,3,external
132,0,0,0,,0,0,0,0,0,0,0,0,0,2,project
133,0,0,0,,1,0,1,0,0,0,0,0,0,2,project
134,0,0,0,,0,0,0,0,0,0,0,0,0,0,n
135,0,0,0,,0,0,1,0,0,0,0,0,0,2,project
136,0,0,0,,0,0,0,0,0,0,0,0,0,1,external
137,0,0,0,,0,0,0,0,0,0,0,0,0,1,project
138,0,0,0,,0,0,0,0,0,0,0,0,0,2,external
139,0,1,0,,0,0,0,0,0,0,0,0,0,3,external
140,0,1,0,,0,0,1,0,0,0,0,0,0,1,project
141,0,0,0,,1,0,1,0,0,0,0,0,0,2,project
142,0,0,0,,0,0,1,0,0,0,0,0,0,1,project
143,0,0,0,,0,0,0,0,0,0,0,0,0,2,external
144,0,0,0,,1,0,1,0,0,0,0,0,0,1,project
145,0,0,0,,1,0,0,0,0,0,0,0,0,1,external
146,0,0,0,,0,0,1,0,0,0,0,0,0,4,external
147,0,0,0,,0,0,0,0,0,0,0,0,0,2,project
148,0,0,0,,1,0,1,0,0,0,0,0,0,1,one to one
149,0,0,0,,1,0,0,0,0,0,0,0,0,1,one to one
150,0,0,0,,0,0,1,0,0,0,0,0,0,2,project
151,0,1,0,,1,0,1,0,0,0,0,0,0,3,project
152,0,0,0,,1,0,1,0,0,0,0,0,0,2,project
153,0,0,0,,0,0,1,0,0,0,0,0,1,3,external
154,0,0,0,,1,0,1,0,0,0,0,0,0,3,project
155,0,0,0,,0,0,0,0,0,0,0,0,0,1,performance
156,0,0,0,,0,0,0,0,0,0,0,1,0,1,n
157,0,0,0,,0,0,0,0,0,0,0,1,0,0,n
158,0,0,0,,0,1,0,0,0,0,0,1,0,0,n
159,0,0,0,,0,0,0,0,0,0,0,0,1,1,one to one
160,0,0,0,,1,0,1,0,0,0,0,0,0,3,project
161,0,0,0,,0,0,0,0,0,0,1,0,0,0,n
162,0,0,0,,0,0,0,0,0,0,0,0,0,0,one to one
163,0,0,0,,0,0,0,0,0,0,0,0,0,0,n
164,0,0,0,,0,0,0,0,0,0,0,1,0,0,n
165,0,0,0,,0,0,0,0,0,0,0,1,0,0,n
166,0,0,0,,0,0,0,0,0,1,0,1,0,0,n
167,0,0,0,,0,0,1,0,0,0,0,1,0,0,n
168,0,0,0,,1,0,1,0,0,0,0,0,0,1,one to one
169,0,0,0,,0,0,0,0,0,0,0,1,0,0,n
170,0,0,0,,0,0,0,0,0,0,0,0,0,1,one to one
171,0,0,0,,0,0,0,0,0,0,0,0,0,2,project
172,0,0,0,,0,0,0,0,0,0,0,1,0,0,n
173,0,0,0,,0,0,1,0,0,0,0,0,0,1,n
174,0,0,0,,0,0,0,0,0,0,0,1,0,0,n
175,0,0,0,,0,0,1,0,0,0,0,1,0,0,n
176,0,0,0,,0,0,0,0,0,0,1,0,0,0,n
177,1,0,0,,0,0,1,0,0,0,0,0,0,1,performance
178,0,0,0,,0,0,0,0,0,0,0,1,0,0,n
179,0,0,0,,0,0,1,0,0,1,0,0,0,0,project
180,0,0,0,,1,0,1,0,0,0,0,0,0,1,one to one
181,0,0,0,,1,0,1,0,0,0,0,0,0,1,one to one
182,0,0,0,,0,0,0,0,0,0,1,1,0,0,n
183,0,0,0,,1,0,1,0,0,0,0,0,0,1,one to one
184,0,0,0,,1,0,1,0,0,0,0,0,0,1,one to one
185,0,0,0,,0,0,1,0,0,0,0,0,0,0,one to one
186,0,0,0,,0,0,0,0,0,0,0,1,0,0,n
187,0,0,0,,0,1,0,0,0,0,0,0,0,0,n
188,0,0,0,,1,0,1,0,0,0,0,0,0,1,one to one
189,0,0,0,,1,0,0,0,0,0,0,0,0,1,one to one
190,0,0,0,,0,0,0,0,0,0,0,0,0,0,performance
191,0,0,0,,1,0,0,0,0,0,0,0,0,1,one to one
192,0,0,0,,0,0,0,0,0,0,0,1,0,0,n
193,0,0,0,,0,0,0,0,0,0,1,0,0,0,performance
194,0,0,0,,0,0,0,0,0,0,0,0,0,0,n
195,1,0,0,,0,0,0,0,0,0,0,0,0,1,external
196,0,0,0,,0,0,0,0,0,0,0,0,0,0,n
197,0,0,0,,0,0,0,0,0,0,0,1,0,3,project
198,0,0,0,,0,0,0,0,0,0,0,0,0,0,n
199,0,0,0,,0,0,1,0,0,1,0,1,0,3,n
200,0,0,0,,0,0,0,0,0,0,0,1,0,0,n
201,0,1,0,,0,0,0,0,0,0,0,1,0,0,n
202,0,0,0,,0,0,0,0,0,0,0,0,0,0,?
203,0,0,0,,0,0,0,0,0,0,0,1,0,0,n
204,0,0,0,,0,0,0,0,0,0,0,1,0,0,n
205,0,0,0,,0,0,1,1,1,0,0,0,0,1,project
206,0,0,0,,0,0,0,0,0,0,0,0,0,0,?
207,0,0,0,,0,0,0,0,0,0,1,0,0,1,performance
208,0,0,0,,0,0,0,0,0,0,0,1,0,0,n
209,0,0,0,,0,0,1,0,0,0,0,0,0,1,one to one
210,0,0,0,,0,0,0,0,0,0,0,0,0,0,project
211,0,0,0,,0,0,0,0,0,0,0,1,0,0,n
212,0,0,0,,1,0,1,0,0,0,0,0,0,1,one to one
213,0,0,0,,0,0,0,1,1,0,0,0,0,1,one to one
214,0,0,0,,1,0,0,0,0,0,0,0,0,0,one to one
215,0,0,0,,0,0,0,0,0,0,0,1,0,1,project
216,0,0,0,,0,0,0,0,0,0,0,0,0,0,?
217,0,0,0,,0,0,1,0,0,0,0,0,0,3,project
218,0,0,0,,0,0,1,0,0,0,0,0,0,2,project
219,0,0,0,,0,0,1,0,0,0,0,1,0,3,project
220,0,0,0,,0,0,1,0,0,0,0,0,0,0,n
221,0,0,0,,0,0,0,0,0,0,0,1,0,0,n
222,0,0,0,,0,0,0,0,0,0,0,0,0,0,n
223,0,0,0,,0,0,0,0,0,0,0,1,0,0,n
224,0,0,0,,0,0,1,0,0,0,0,0,0,1,one to one
225,0,0,0,,1,0,0,0,0,0,0,0,0,0,one to one
226,0,0,0,,1,0,0,0,0,0,0,0,0,1,one to one
227,0,0,0,,0,0,0,0,0,0,0,1,0,0,n
228,0,0,0,,0,0,0,0,0,0,0,0,0,1,team spirit
229,0,0,0,,0,0,0,0,0,0,0,1,0,0,n
230,0,0,0,,1,0,0,0,0,0,0,0,0,1,one to one
231,0,0,0,,0,0,1,0,0,0,0,0,0,4,external
232,0,0,0,,1,0,1,0,0,0,0,0,0,0,one to one
233,0,0,0,,0,0,0,0,0,0,0,0,0,0,?
234,0,0,1,,0,0,0,0,0,0,0,1,0,0,n
235,0,0,0,,0,0,0,0,0,0,0,1,0,0,n
236,0,0,0,,0,0,0,0,0,0,0,0,0,0,n
237,0,0,0,,0,0,0,0,0,0,0,0,0,1,project
238,0,0,0,,0,0,0,0,0,0,0,0,0,0,n
239,0,0,0,,0,0,0,0,0,0,0,0,0,0,n
240,0,0,0,,0,0,1,0,0,0,0,0,0,4,project
241,0,0,0,,0,0,1,0,0,0,0,1,0,0,n
242,0,0,0,,0,0,0,0,0,1,0,1,0,0,n
243,0,0,0,,0,0,0,0,0,0,0,1,0,0,n
244,0,0,0,,0,0,0,0,0,0,0,0,0,0,n
245,0,0,1,,0,0,0,0,0,0,0,1,0,0,n
246,0,0,0,,0,0,0,0,0,0,0,0,0,0,?
247,0,0,0,,0,0,0,1,1,0,0,0,0,3,external
248,0,0,0,,0,0,0,0,0,0,0,0,0,6,team spirit
249,0,0,0,,0,0,0,0,0,0,0,0,0,0,n
250,0,0,0,,0,0,1,1,1,0,0,0,0,1,project
251,0,0,0,,0,0,0,0,0,0,0,0,1,0,one to one
252,0,0,0,,0,0,0,0,0,0,0,0,0,0,n
253,0,0,0,,0,0,0,0,0,0,0,0,0,3,project
254,0,0,0,,0,0,0,0,0,1,0,0,0,6,broadcast
255,0,0,0,,1,0,0,0,0,0,0,0,0,1,external
256,0,0,1,,0,0,0,0,0,0,1,0,0,5,performance
257,1,0,0,,0,0,0,0,0,0,0,0,0,1,external
258,0,0,0,,0,0,0,0,0,0,0,0,0,1,n
259,0,0,0,,1,0,0,0,0,0,0,0,0,1,one to one
260,0,1,0,,0,0,0,0,0,0,0,1,0,0,n
261,0,1,0,,0,0,0,0,0,0,0,0,0,0,one to one
262,0,1,0,,0,0,0,0,0,1,0,0,0,6,broadcast
263,0,0,0,,1,0,0,0,0,0,0,0,0,1,one to one
264,0,0,0,,1,0,0,0,0,0,0,0,0,1,one to one
265,0,0,0,,1,0,1,0,0,0,0,0,0,2,one to one
266,0,0,0,,0,0,0,0,0,0,0,0,0,2,external
267,0,0,0,,1,0,0,0,0,0,0,0,0,1,one to one
268,0,0,0,,0,0,0,0,0,0,0,0,0,2,external
269,0,0,0,,0,0,0,0,0,0,0,0,0,15,broadcast
270,0,0,0,,1,0,1,0,0,0,0,0,0,2,one to one
271,0,0,0,,1,0,1,0,0,0,0,0,0,2,one to one
272,0,0,0,,0,0,0,0,0,1,0,0,0,0,broadcast
273,0,0,0,,1,0,0,0,0,0,0,0,0,1,one to one
274,0,0,0,,1,0,0,0,0,0,0,0,0,1,one to one
275,1,0,0,,0,0,0,0,0,0,0,0,0,1,external
276,0,0,0,,1,0,0,0,0,0,0,0,0,1,one to one
277,0,0,0,,0,0,0,1,1,0,0,0,0,1,project
278,0,0,0,,1,0,1,0,0,0,0,0,0,1,one to one
279,0,0,0,,1,0,0,0,0,0,0,0,0,1,one to one
280,0,0,0,,0,0,0,0,0,0,0,0,0,3,external
281,0,1,0,,1,0,0,0,0,0,0,0,0,1,one to one
282,0,1,0,,0,0,0,0,0,0,1,0,0,0,n
283,0,1,0,,0,0,1,0,0,0,1,0,0,0,n
284,0,0,0,,0,0,0,0,0,0,0,0,0,0,n
285,0,0,0,,0,0,0,1,1,0,0,0,0,1,external
286,1,0,0,,0,0,0,0,0,0,0,0,0,2,external
287,1,0,0,,0,0,0,0,0,0,0,0,0,1,external
288,1,0,0,,0,0,0,0,0,0,0,0,0,1,external
289,0,0,0,,0,0,0,0,0,0,0,0,1,0,one to one
290,0,0,0,,0,0,0,0,0,0,0,0,0,3,external
291,0,0,0,,0,0,0,0,0,0,0,0,0,3,project
292,0,0,0,,1,0,0,0,0,0,0,0,0,1,one to one
293,0,0,0,,0,0,0,0,0,0,0,0,0,2,external
294,0,0,0,,0,0,0,0,0,0,0,0,0,1,external
295,0,0,0,,0,0,0,0,0,0,0,1,0,0,n
296,0,0,0,,0,0,0,0,0,0,0,0,0,0,?
297,0,0,0,,0,0,0,0,0,0,0,0,0,10,broadcast
298,0,0,0,,0,0,0,0,0,0,0,0,0,3,external
299,0,0,0,,0,0,0,0,0,0,0,0,0,0,n
300,0,0,0,,0,0,0,0,0,0,0,0,0,2,external
301,0,0,0,,0,0,0,0,0,0,0,0,0,10,n
302,0,0,0,,0,0,0,0,0,0,0,0,0,0,one to one
303,0,0,0,,0,0,0,0,0,0,0,0,0,0,n
304,0,0,0,,0,0,1,0,0,0,0,0,0,1,external
305,0,0,0,,0,0,0,0,0,0,0,0,0,0,n
306,0,0,0,,0,0,0,0,0,0,0,0,0,0,one to one
307,0,0,0,,0,0,0,0,0,0,0,1,0,2,external
308,0,0,0,,1,0,0,0,0,0,0,0,0,1,one to one
309,0,0,0,,0,0,0,0,0,0,1,0,0,0,n
310,0,1,0,,1,0,0,0,0,0,0,0,0,1,one to one
311,0,1,0,,0,0,1,0,0,0,0,0,0,2,project
312,0,1,0,,0,0,0,0,0,0,1,0,0,0,n
313,0,1,0,,0,0,1,0,0,0,1,0,0,0,n
314,0,0,0,,0,0,0,0,0,0,0,0,0,0,n
315,0,0,0,,0,0,0,0,0,0,0,0,1,0,one to one
316,0,0,0,,0,0,0,0,0,0,0,0,0,2,external
317,0,0,0,,0,0,0,0,0,0,0,0,0,3,external
318,0,0,0,,0,0,0,0,0,0,0,0,0,0,n
319,0,0,0,,0,0,0,0,0,0,0,1,0,0,n
320,0,0,0,,0,0,0,0,0,0,0,1,0,0,n
321,0,0,0,,1,0,1,0,0,0,0,0,0,1,one to one
322,0,0,0,,0,0,0,0,0,0,0,0,0,0,external
323,0,0,0,,0,0,0,0,0,0,0,0,0,2,project
324,0,0,0,,0,0,0,0,0,0,0,0,0,0,external
325,0,0,0,,0,0,0,0,0,0,0,1,0,0,n
326,0,0,0,,0,0,0,0,0,0,0,1,1,0,n
327,0,0,0,,0,0,0,0,0,0,0,0,0,0,external
328,0,0,0,,0,0,0,0,0,0,0,1,0,2,n
329,0,0,0,,0,0,1,0,0,0,0,0,0,10,?
330,0,0,0,,0,0,0,0,0,0,0,1,0,0,n
331,0,0,0,,0,0,0,0,0,0,0,0,0,0,n
332,0,0,0,,0,0,0,0,0,0,0,0,0,3,external
333,0,0,0,,0,0,0,0,0,0,0,0,1,3,external
334,0,0,0,,0,0,0,0,0,0,0,1,0,0,n
335,0,0,0,,0,0,0,0,0,0,0,0,0,0,n
336,0,0,0,,0,0,0,0,0,0,0,1,0,0,n
337,0,0,0,,0,0,0,0,0,0,0,1,0,11,n
338,0,0,0,,0,0,0,0,0,0,0,0,0,0,n
339,0,0,0,,0,0,0,0,0,0,0,0,0,2,one to one
340,0,0,0,,0,0,1,0,0,0,0,0,0,9,?
341,0,0,0,,0,0,0,0,0,0,0,1,0,0,n
342,0,0,0,,0,0,0,0,0,0,0,1,0,0,n
343,0,0,0,,0,0,0,0,0,0,0,0,0,0,external
344,0,0,0,,0,0,0,0,0,0,0,1,0,0,n
345,0,0,0,,0,0,0,0,0,0,0,0,0,0,external
346,0,0,0,,0,0,0,0,0,0,0,1,0,0,n
347,0,0,0,,0,0,0,0,0,0,0,0,0,0,external
348,0,0,0,,1,0,0,0,0,0,0,0,0,1,external
349,0,0,0,,0,0,0,0,0,0,0,0,0,0,external
350,0,0,0,,1,0,0,0,0,0,0,0,0,1,one to one
351,0,0,0,,0,0,0,0,0,0,0,0,0,0,external
352,0,0,0,,0,0,0,0,0,0,0,1,0,0,n
353,0,0,0,,0,0,1,0,0,0,0,0,0,4,project
354,0,0,0,,0,0,0,0,0,0,0,0,0,0,external
355,0,0,0,,0,0,0,0,0,0,0,1,0,0,n
356,0,0,0,,0,0,0,0,0,0,0,0,0,0,n
357,0,0,0,,0,0,1,0,0,0,0,1,0,0,n
358,0,0,1,,0,0,0,0,0,0,0,1,0,0,n
359,0,0,1,,0,0,0,0,0,0,0,0,0,0,external
360,0,0,0,,0,0,0,0,0,0,0,1,0,2,n
361,0,0,0,,0,0,0,0,0,0,0,0,0,0,n
362,0,0,0,,0,0,1,0,0,0,0,0,0,5,external
363,0,0,0,,0,0,1,0,0,0,0,0,0,10,?
364,0,0,0,,0,0,0,0,0,0,0,1,0,0,n
365,0,0,0,,0,0,0,0,0,0,0,1,0,0,n
366,0,0,0,,0,0,0,0,0,0,0,1,0,0,n
367,0,0,0,,0,0,0,0,0,0,0,1,0,0,n
368,0,0,0,,0,0,0,0,0,0,0,1,0,0,n
369,0,0,1,,0,0,0,0,0,0,0,1,0,0,n
370,0,0,0,,0,0,0,0,0,0,0,1,0,0,n
371,0,0,0,,0,0,0,0,0,0,0,0,0,3,external
372,0,0,0,,0,0,0,0,0,0,0,1,0,0,n
373,0,0,0,,0,0,0,0,0,0,0,1,0,0,n
374,0,0,0,,0,0,0,0,0,0,0,1,0,0,n
375,0,0,0,,0,0,0,0,0,0,0,1,0,0,n
376,0,0,0,,0,0,0,0,0,0,0,1,0,0,n
377,0,0,0,,0,0,0,0,0,0,0,1,0,0,n
378,0,0,0,,0,0,0,0,0,0,0,1,0,0,n
379,0,1,1,,0,0,0,0,0,0,0,1,0,0,n
380,0,0,0,,0,0,0,0,0,1,0,0,0,3,broadcast
381,0,0,0,,1,0,0,1,1,0,0,0,0,1,one to one
382,0,0,0,,0,0,0,0,0,0,0,0,0,4,external
383,0,0,0,,0,0,0,0,0,0,0,0,0,3,external
384,0,0,0,,0,0,0,1,1,0,0,0,0,5,external
385,0,0,0,,0,0,0,0,0,0,0,0,0,1,project
386,0,0,0,,0,0,0,1,1,0,0,0,0,3,external
387,0,0,0,,1,0,0,1,1,0,0,0,0,1,one to one
388,0,0,0,,1,0,0,1,1,0,0,0,0,1,one to one
389,0,0,0,,1,0,0,1,1,0,0,0,0,1,one to one
390,0,0,0,,0,0,0,0,0,0,0,1,0,0,n
391,0,0,0,,1,0,0,1,1,0,0,0,0,1,one to one
392,0,0,0,,0,0,0,0,0,1,0,0,0,3,broadcast
393,1,0,0,,0,0,0,0,0,0,0,0,0,1,external
394,0,0,0,,1,0,0,1,1,0,0,0,0,1,one to one
395,0,0,0,,0,0,1,0,0,0,0,0,0,9,?
396,0,0,0,,0,0,0,0,0,0,0,0,0,23,performance
397,0,0,0,,1,0,0,0,0,0,0,1,0,1,n
398,0,0,0,,0,0,0,0,0,0,0,0,0,3,external
399,0,0,0,,1,0,0,0,0,0,0,0,0,2,project
400,1,0,0,,0,0,0,0,0,0,0,0,0,1,external
401,0,0,0,,0,0,0,0,0,0,0,0,0,0,n
402,0,0,0,,0,1,0,0,0,0,0,0,0,3,team spirit
403,0,0,0,,0,0,0,0,0,0,0,0,0,0,?
404,0,0,0,,0,0,0,0,0,0,0,0,0,3,external
405,0,0,0,,1,0,0,0,0,0,0,0,1,1,external
406,0,0,0,,0,0,0,0,0,0,0,0,0,0,n
407,0,0,0,,0,0,0,0,0,0,0,0,0,0,performance
408,0,0,0,,0,0,0,0,0,0,0,1,0,0,n
409,0,0,0,,0,0,0,0,0,0,0,0,0,1,external
410,0,0,0,,0,0,0,0,0,0,0,1,0,0,n
411,0,0,0,,0,0,0,0,0,0,0,0,0,2,external
412,0,0,0,,1,0,0,0,0,0,0,0,1,1,external
413,0,0,0,,1,0,1,0,0,0,0,0,0,1,external
414,0,0,0,,0,0,0,0,0,0,0,1,1,0,n
415,0,0,0,,0,0,0,0,0,0,0,0,0,1,project
416,0,0,0,,0,0,0,0,0,0,0,0,0,3,external
417,0,0,0,,0,0,0,0,0,0,0,0,0,2,external
418,0,0,0,,0,0,0,0,0,0,0,0,1,5,external
419,0,0,0,,0,0,0,0,0,0,0,0,0,0,n
420,0,0,0,,0,0,0,0,0,0,0,1,0,0,n
421,0,0,0,,1,0,0,0,0,0,0,1,0,1,project
422,1,0,0,,0,0,0,0,0,0,0,0,0,1,one to one
423,0,0,0,,0,0,0,0,0,0,0,0,0,0,external
424,0,0,0,,0,0,0,0,0,0,0,0,0,0,n
425,0,0,0,,0,0,0,0,0,0,0,0,1,2,external
426,0,0,0,,1,0,0,0,0,0,0,0,1,1,external
427,0,0,0,,0,0,0,0,0,0,0,0,0,1,external
428,1,0,0,,0,0,0,0,0,0,0,0,0,2,external
429,0,0,0,,1,0,0,0,0,0,0,0,1,1,external
430,0,0,0,,0,0,1,0,0,0,0,0,0,1,external
431,1,0,0,,0,0,0,0,0,0,0,1,0,1,n
432,0,0,0,,0,0,0,0,0,0,0,1,0,5,n
433,0,0,0,,0,0,0,0,0,0,0,0,0,9,project
434,0,0,0,,0,0,0,0,0,0,0,0,0,6,project
435,0,0,0,,0,0,0,0,0,0,0,0,0,0,n
436,1,0,0,,0,0,0,0,0,0,0,0,0,0,n
437,0,0,0,,0,0,0,0,0,0,0,0,0,0,n
438,1,0,0,,0,0,0,0,0,0,0,0,0,1,external
439,1,0,0,,0,0,0,0,0,0,0,0,0,1,external
440,0,0,0,,0,0,0,0,0,0,0,0,0,0,n
441,0,0,0,,0,0,0,0,0,0,0,0,0,4,n
442,0,0,0,,0,0,0,0,0,0,0,1,0,1,n
443,0,0,0,,0,0,1,0,0,0,0,0,0,1,project
444,0,0,0,,0,0,1,0,0,0,1,0,0,1,project
445,0,0,0,,0,0,0,0,0,0,0,0,0,0,team spirit
446,0,0,0,,0,0,1,0,0,0,0,0,0,2,n
447,0,0,0,,0,1,0,0,0,0,0,0,0,6,team spirit
448,0,0,0,,0,0,0,0,0,0,0,0,1,1,external
449,0,0,0,,0,0,0,0,0,0,0,1,0,5,n
450,1,0,0,,0,0,0,0,0,0,0,0,0,1,external
451,0,0,0,,0,0,0,0,0,0,0,1,0,0,n
452,0,0,0,,0,1,0,0,0,0,0,0,0,3,team spirit
453,0,0,0,,0,0,0,0,0,0,0,0,1,1,external
454,0,0,0,,0,0,0,0,0,0,0,0,1,5,external
455,0,0,0,,0,0,0,0,0,0,0,0,1,1,external
456,0,0,0,,0,0,0,0,0,0,0,0,1,1,external
457,0,0,0,,0,0,0,0,0,0,0,0,1,2,external
458,1,0,0,,0,0,0,0,0,0,0,0,0,1,external
459,0,0,0,,0,0,1,0,0,0,0,0,1,4,external
460,0,0,0,,0,0,1,0,0,0,0,0,0,2,external
461,0,0,0,,0,0,0,0,0,0,0,0,1,2,external
462,0,0,0,,0,0,0,0,0,0,0,0,0,1,team spirit
463,0,0,0,,0,0,0,0,0,0,0,0,1,1,external
464,0,0,0,,0,0,0,0,0,0,0,0,0,2,external
465,0,0,0,,0,0,0,0,0,0,0,1,0,1,n
466,0,0,0,,0,0,0,0,0,0,0,0,1,1,external
467,0,0,0,,0,0,0,0,0,0,0,0,0,2,external
468,0,0,0,,0,0,0,0,0,0,0,1,0,1,n
469,0,0,0,,0,0,0,0,0,0,0,0,0,1,external
470,0,0,0,,0,0,0,0,0,0,0,0,0,3,external
471,0,0,0,,0,0,0,0,0,0,0,0,0,2,external
472,0,0,0,,0,0,1,0,0,0,0,0,0,1,one to one
473,0,0,0,,0,0,0,0,0,0,0,0,1,3,external
474,0,0,0,,0,0,0,0,0,0,0,1,0,5,n
475,0,0,0,,0,0,0,0,0,0,0,0,0,9,project
476,0,0,0,,0,0,0,0,0,0,0,0,0,6,project
477,0,0,0,,0,0,0,0,0,0,0,0,0,3,?
478,0,0,0,,0,0,0,0,0,0,0,0,1,1,external
479,0,0,0,,0,0,0,0,0,0,0,0,0,4,n
480,0,0,0,,0,0,0,0,0,0,0,0,0,12,broadcast
481,0,0,0,,0,0,0,0,0,0,0,1,0,1,n
482,0,0,0,,0,0,0,0,0,0,0,0,0,3,external
483,0,0,0,,0,0,0,0,0,0,0,0,0,0,n
484,0,0,1,,1,0,0,0,0,0,0,0,0,0,n
485,0,0,0,,0,0,0,0,0,0,0,0,0,0,n
486,0,0,0,,0,0,1,0,0,0,0,0,0,2,n
487,0,0,0,,0,1,0,0,0,0,0,0,0,6,team spirit
488,0,0,0,,1,0,0,0,0,0,0,0,0,4,n
489,0,0,0,,0,0,0,1,1,0,0,0,0,9,project
490,0,0,0,,0,0,0,1,1,0,0,0,0,10,project
491,0,0,0,,0,0,0,1,1,0,0,0,0,11,project
492,1,0,0,,0,0,0,0,0,0,0,0,0,2,external
493,0,0,0,,0,0,0,0,0,0,1,0,0,1,external
494,0,0,0,,0,0,0,0,0,0,0,0,1,1,external
495,0,0,0,,0,0,0,0,0,0,0,1,0,5,n
496,0,0,0,,0,0,0,0,0,0,0,0,0,1,n
497,1,0,0,,0,0,0,0,0,0,0,0,0,1,external
498,0,0,0,,0,0,1,0,0,0,0,0,0,2,external
499,0,0,0,,0,0,0,0,0,0,0,0,0,1,n
500,1,0,0,,0,0,0,0,0,0,0,0,0,1,team spirit
501,0,0,0,,1,0,0,0,0,0,0,0,0,2,project
502,0,0,0,,0,0,0,0,0,0,0,0,0,1,?
503,0,0,0,,0,0,0,0,0,0,0,0,0,0,n
504,0,0,0,,1,0,0,0,0,0,0,0,0,1,one to one
505,0,0,1,,0,0,0,0,0,0,0,0,0,2,n
506,0,0,0,,0,0,0,0,0,0,0,0,0,0,n
507,0,0,0,,0,0,0,0,0,1,0,0,0,16,broadcast
508,0,0,0,,0,0,0,0,0,0,0,0,0,1,external
509,0,0,0,,0,0,0,0,0,1,0,0,0,8,broadcast
510,0,0,0,,0,0,0,0,0,0,0,1,0,1,n
511,0,0,0,,1,0,0,0,0,0,0,0,0,1,one to one
512,0,0,0,,0,0,0,0,0,0,0,0,0,0,n
513,0,0,0,,0,0,0,0,0,0,0,0,0,11,project
514,0,0,0,,0,0,0,0,0,0,0,0,0,1,n
515,0,0,0,,0,0,0,0,0,0,0,0,0,3,?
516,0,0,0,,0,0,0,0,0,0,0,0,0,1,n
517,0,0,0,,0,0,0,0,0,0,0,0,0,0,n
518,0,0,0,,1,0,0,0,0,0,0,0,0,1,one to one
519,0,0,0,,0,0,1,0,0,0,0,0,0,1,one to one
520,0,0,0,,0,0,0,0,0,0,0,0,0,10,broadcast
521,0,0,0,,1,0,0,0,0,0,0,0,0,1,team spirit
522,0,0,0,,0,0,0,0,0,0,1,0,0,1,performance
523,0,0,0,,1,0,0,0,0,0,0,0,0,2,external
524,0,0,0,,0,0,0,0,0,0,0,0,0,0,n
525,0,1,0,,0,0,0,0,0,0,0,0,0,0,n
526,0,1,0,,0,0,0,0,0,0,0,0,0,11,n
527,0,0,0,,1,0,0,0,0,0,0,0,0,1,one to one
528,0,0,0,,1,0,0,0,0,0,0,0,0,1,one to one
529,0,0,0,,0,0,0,0,0,0,0,1,0,0,n
530,0,0,0,,0,0,1,1,1,0,0,0,0,6,project
531,0,0,0,,1,0,0,0,0,0,0,0,0,1,one to one
532,0,0,0,,0,0,1,0,0,0,0,0,0,0,n
533,0,0,0,,0,0,0,0,0,0,0,0,0,0,n
534,0,0,0,,1,0,0,0,0,0,0,0,0,1,one to one
535,0,0,0,,1,0,0,0,0,0,0,0,0,1,one to one
536,0,0,0,,0,0,0,0,0,0,0,0,1,0,external
537,0,0,0,,0,0,0,0,0,0,0,0,0,2,external
538,0,0,0,,0,0,0,0,0,0,0,0,0,1,n
539,0,0,0,,0,0,0,0,0,0,0,0,0,1,external
540,0,0,0,,0,1,0,0,0,0,0,0,0,1,n
541,0,0,0,,1,0,0,0,0,0,0,0,0,1,team spirit
542,0,0,0,,0,0,0,0,0,0,1,0,0,0,n
543,0,0,0,,0,0,0,1,1,0,0,0,0,1,project
544,0,0,0,,0,0,1,1,1,0,0,0,0,6,project
545,1,0,0,,0,0,0,0,0,0,0,0,0,1,team spirit
546,0,0,0,,0,0,0,0,0,0,0,0,0,0,n
547,0,0,0,,0,0,0,0,0,0,1,0,0,1,performance
548,0,0,0,,0,0,1,0,0,0,0,0,0,0,n
549,0,0,0,,0,0,1,0,0,0,0,0,0,2,project
550,0,0,0,,0,0,1,0,0,0,0,0,0,2,n
551,0,0,0,,0,0,0,0,0,0,0,0,0,0,n
552,0,0,0,,1,0,0,0,0,0,0,0,0,1,one to one
553,0,0,0,,0,1,0,0,0,0,0,0,0,5,project
554,0,0,0,,0,0,1,0,0,0,0,0,0,0,n
555,0,0,0,,0,1,1,0,0,0,0,0,0,6,project
556,0,0,0,,0,0,0,0,0,0,0,0,0,0,n
557,0,0,0,,0,0,0,0,0,0,0,0,0,2,one to one
558,0,0,0,,1,0,0,0,0,0,0,0,0,2,project
559,0,0,0,,0,0,0,0,0,0,1,0,0,1,performance
560,0,0,0,,0,0,0,0,0,0,0,0,0,9,external
561,0,0,0,,0,0,1,1,1,0,0,0,0,0,n
562,0,0,0,,1,0,0,0,0,0,0,0,0,1,one to one
563,0,0,0,,0,0,0,0,0,0,0,0,0,0,n
564,0,0,0,,0,0,0,0,0,0,0,1,0,0,n
565,0,0,0,,0,0,1,1,1,0,0,0,0,6,project
566,0,0,0,,0,1,0,0,0,0,0,1,0,0,n
567,0,0,0,,0,0,0,0,0,0,0,0,0,0,n
568,0,0,0,,0,0,0,0,0,0,0,0,0,0,n
569,0,0,0,,0,0,0,0,0,0,0,0,0,0,n
570,0,0,0,,0,0,1,0,0,0,0,0,0,0,n
571,0,0,0,,1,0,0,0,0,0,0,0,0,1,one to one
572,0,0,0,,0,0,0,0,0,1,0,0,0,43,broadcast
573,0,0,0,,0,0,0,0,0,0,0,0,0,1,n
574,0,0,0,,0,0,1,1,1,0,0,0,0,6,project
575,0,0,0,,0,0,0,0,0,0,0,0,0,0,n
576,0,0,0,,0,0,0,1,1,0,0,0,0,0,n
577,0,0,0,,0,0,0,0,0,0,0,0,0,4,external
578,0,1,0,,0,0,0,0,0,0,0,0,0,0,n
579,0,1,0,,0,0,0,0,0,0,0,0,0,11,n
580,1,0,1,,0,0,0,0,0,0,0,0,0,1,n
581,0,0,0,,1,0,0,0,0,0,0,1,0,0,n
582,0,0,0,,1,0,0,0,0,0,0,0,0,1,one to one
583,0,0,0,,1,0,0,0,0,0,0,0,0,1,one to one
584,0,0,0,,0,0,1,1,1,0,0,0,0,6,project
585,0,0,0,,1,0,0,0,0,0,0,0,0,1,one to one
586,0,0,0,,1,0,0,0,0,0,0,0,0,1,one to one
587,0,0,0,,1,0,0,0,0,0,0,0,0,1,one to one
588,0,0,1,,0,0,0,0,0,0,0,0,0,2,n
589,0,0,0,,1,0,0,0,0,0,0,1,0,0,n
590,0,0,0,,0,0,0,0,0,1,0,0,0,18,broadcast
591,0,0,0,,1,0,0,0,0,0,0,1,0,0,n
592,0,0,0,,0,1,0,0,0,0,0,0,0,5,project
593,0,0,0,,0,0,1,0,0,0,0,0,0,1,one to one
594,0,0,0,,0,0,1,0,0,0,0,0,0,1,one to one
595,1,0,0,,0,0,1,0,0,0,0,0,0,2,external
596,0,0,0,,0,0,1,0,0,0,0,0,0,2,one to one
597,1,0,0,,0,0,0,0,0,0,0,0,1,0,n
598,0,0,0,,0,0,0,0,0,0,0,0,0,4,project
599,0,0,0,,0,0,1,0,0,0,0,0,0,2,one to one
600,0,0,0,,0,0,1,0,0,0,0,0,0,7,project
601,0,0,0,,0,0,1,0,0,0,0,0,0,1,one to one
602,0,0,0,,0,1,0,0,0,0,0,0,0,6,team spirit
603,0,0,0,,1,0,0,0,0,0,0,0,0,1,one to one
604,0,0,0,,0,0,1,0,0,0,0,0,0,1,one to one
605,1,0,0,,0,0,1,0,0,0,0,0,0,1,external
606,0,0,0,,1,0,0,0,0,0,0,0,0,1,one to one
607,0,0,0,,1,0,0,0,0,0,0,0,0,1,one to one
608,0,0,0,,1,0,0,0,0,0,0,0,0,1,one to one
609,0,0,0,,0,0,1,0,0,0,0,0,0,1,one to one
610,0,0,0,,0,0,1,0,0,0,0,0,0,1,project
611,0,0,0,,0,0,0,0,0,1,0,0,0,1,broadcast
612,0,0,0,,0,0,0,0,0,0,0,0,0,0,n
613,0,0,0,,1,0,0,0,0,0,0,0,0,1,one to one
614,0,0,0,,0,0,0,0,0,0,0,0,0,4,project
615,0,0,0,,1,0,0,0,0,0,0,0,0,1,one to one
616,0,0,0,,1,0,0,0,0,0,0,0,0,1,one to one
617,0,0,0,,0,0,1,0,0,0,0,0,0,2,project
618,0,0,0,,1,0,0,0,0,0,0,0,0,1,one to one
619,0,0,0,,0,0,1,0,0,0,0,0,0,3,project
620,0,0,0,,0,1,0,0,0,0,0,0,0,6,project
621,0,0,0,,1,0,0,0,0,0,0,0,0,1,one to one
622,0,0,0,,1,0,0,0,0,0,0,0,0,1,one to one
623,0,0,0,,1,0,0,0,0,0,0,0,0,1,one to one
624,0,0,0,,0,0,0,0,0,0,1,0,0,1,performance
625,0,0,0,,1,0,0,0,0,0,0,0,0,1,one to one
626,0,0,0,,0,0,1,0,0,0,0,0,0,43,broadcast
627,0,0,0,,0,0,0,0,0,0,0,0,0,1,n
628,0,0,0,,0,0,0,0,0,0,0,0,0,1,one to one
629,0,0,0,,1,0,0,0,0,0,0,0,0,1,one to one
630,0,0,0,,0,0,0,0,0,0,0,0,0,1,team spirit
631,0,0,0,,1,0,0,0,0,0,0,0,0,1,one to one
632,0,0,0,,1,0,0,0,0,0,0,0,0,1,one to one
633,0,0,0,,1,0,0,0,0,0,0,0,0,1,one to one
634,0,0,0,,0,0,0,0,0,0,0,0,0,2,project
635,0,0,0,,1,0,0,0,0,0,0,0,0,1,one to one
636,0,0,0,,1,0,0,0,0,0,0,0,0,1,one to one
637,0,0,0,,0,0,1,0,0,0,1,0,0,2,performance
638,0,0,0,,0,0,1,1,1,0,0,0,0,8,project
639,0,0,0,,0,0,0,0,0,0,0,0,0,1,?
640,0,0,0,,0,0,0,0,0,0,1,0,0,2,project
641,0,0,0,,0,0,0,0,0,0,0,0,0,1,project
642,0,0,0,,0,0,0,0,0,0,0,0,0,5,team spirit
643,0,0,0,,1,0,0,0,0,0,0,0,0,1,one to one
644,0,0,0,,0,0,0,0,0,0,0,0,0,1,one to one
645,0,0,0,,1,0,0,0,0,0,0,0,0,1,one to one
646,0,0,0,,0,0,0,0,0,0,0,0,0,0,n
647,0,0,0,,0,0,0,0,0,0,0,0,0,6,project
648,0,0,0,,0,0,0,0,0,0,0,0,0,3,project
649,0,0,0,,0,0,0,0,0,0,0,0,0,3,project
650,0,0,0,,0,0,0,0,0,0,0,0,0,4,project
651,0,0,0,,0,1,0,0,0,0,0,0,0,6,project
652,0,0,0,,1,0,0,0,0,0,0,0,0,1,one to one
653,0,0,0,,1,0,0,0,0,0,0,0,0,1,one to one
654,0,0,0,,0,0,0,0,0,0,0,0,0,171,n
655,0,0,0,,0,0,0,1,1,0,0,0,0,1,one to one
656,0,0,0,,0,0,1,1,1,0,0,0,0,10,project
657,0,0,0,,0,0,0,1,1,0,0,0,0,1,one to one
658,0,0,0,,0,1,0,0,0,0,0,0,0,1,team spirit
659,0,0,0,,0,0,0,0,0,0,0,1,0,1,n
660,0,0,0,,0,0,1,0,0,0,0,0,0,13,project
661,0,0,0,,0,0,1,1,1,0,0,0,0,4,project
662,0,0,0,,0,0,1,0,0,0,0,0,0,4,project
663,0,0,0,,0,0,0,0,0,0,0,1,0,1,n
664,0,0,0,,0,0,0,0,0,0,0,0,0,7,project
665,0,0,0,,0,0,0,0,0,0,0,0,0,1,n
666,0,0,0,,1,0,0,0,0,0,0,0,0,1,one to one
667,0,0,0,,0,0,0,0,0,0,0,0,0,2,project
668,0,0,0,,0,0,1,0,0,0,0,0,0,12,project
669,0,0,0,,0,0,0,0,0,0,0,0,0,0,one to one
670,0,0,0,,0,0,1,0,0,0,0,0,0,4,project
671,0,0,0,,1,0,0,0,0,0,0,0,0,2,one to one
672,0,0,0,,0,0,1,0,0,0,0,0,0,9,project
673,0,0,0,,0,1,0,0,0,0,0,0,0,4,team spirit
674,0,0,0,,0,0,1,0,0,0,0,0,0,9,project
675,0,0,0,,0,0,0,0,0,0,0,0,0,0,n
676,0,0,0,,0,0,0,0,0,0,0,0,0,1,project
677,0,0,0,,0,0,1,0,0,0,0,0,0,14,project
678,0,0,0,,0,0,0,0,0,0,0,0,0,12,project
679,0,0,0,,0,0,1,0,0,0,0,0,0,9,project
680,0,0,0,,0,0,0,0,0,0,0,0,0,1,project
681,0,0,0,,0,0,0,0,0,0,0,1,0,1,n
682,0,0,0,,0,0,0,0,0,0,0,0,0,2,performance
683,0,0,0,,0,0,0,0,0,0,0,1,0,0,n
684,0,0,0,,0,0,1,0,0,0,0,0,0,15,project
685,0,0,0,,0,0,0,0,0,0,0,0,0,51,broadcast
686,0,0,0,,0,0,0,0,0,0,0,0,0,4,?
687,0,0,0,,1,0,0,0,0,0,0,0,0,1,one to one
688,0,0,0,,0,0,0,0,0,0,0,0,0,5,project
689,0,0,0,,1,0,0,0,0,0,0,0,0,1,one to one
690,0,0,0,,0,0,0,0,0,1,0,0,0,23,broadcast
691,0,0,1,,0,0,0,0,0,0,0,1,0,5,n
692,0,0,0,,0,0,0,0,0,0,1,0,0,2,performance
693,0,0,0,,0,0,1,1,1,0,0,0,0,10,project
694,0,0,0,,1,0,0,1,1,0,0,0,0,1,one to one
695,0,0,0,,1,0,0,0,0,0,0,0,0,1,one to one
696,0,0,0,,1,0,0,0,0,0,0,0,0,1,one to one
697,0,0,0,,1,0,0,0,0,0,0,0,0,1,one to one
698,0,0,0,,0,0,0,0,0,0,0,1,0,0,n
699,0,0,0,,0,0,0,0,0,0,0,1,0,0,n
700,0,0,0,,0,1,0,1,1,0,0,0,0,1,team spirit
701,0,0,0,,0,0,1,0,0,0,0,0,0,12,project
702,0,0,1,,0,0,0,0,0,0,0,1,0,5,n
703,0,0,1,,0,0,0,0,0,0,0,1,0,0,n
704,0,0,0,,0,0,0,0,0,0,1,0,0,11,performance
705,0,0,0,,1,0,0,0,0,0,0,0,0,1,one to one
706,0,0,0,,0,0,1,0,0,0,0,0,0,14,project
707,0,0,0,,0,0,0,1,1,0,0,0,0,11,project
708,0,0,0,,0,0,0,0,0,1,0,0,0,4,broadcast
709,0,0,0,,0,1,0,0,0,0,0,0,0,1,team spirit
710,0,0,0,,1,0,0,0,0,0,0,0,0,1,one to one
711,0,0,0,,0,0,0,1,1,0,0,0,0,5,project
712,0,0,0,,0,0,0,0,0,0,0,1,0,0,n
713,0,0,0,,0,0,1,0,0,0,0,0,0,12,project
714,0,0,0,,0,0,0,1,1,0,0,0,0,4,project
715,0,0,0,,0,1,0,0,0,0,0,0,0,18,team spirit
716,0,0,1,,0,0,0,0,0,0,0,1,0,0,n
717,0,0,0,,0,0,0,0,0,0,0,0,0,1,project
718,0,0,0,,0,0,1,1,1,0,0,0,0,12,project
719,0,0,0,,0,0,1,0,0,0,0,0,0,16,project
720,0,0,0,,1,0,0,0,0,0,0,0,0,1,one to one
721,0,0,0,,0,0,1,1,1,0,0,0,0,4,project
722,0,0,0,,0,0,0,0,0,1,0,0,0,1,n
723,0,0,0,,1,0,1,0,0,0,0,0,0,2,?
724,0,0,0,,1,0,0,0,0,0,0,0,0,1,one to one
725,0,0,0,,0,0,0,0,0,0,0,1,0,1,n
726,0,0,0,,0,0,0,0,0,0,0,1,0,0,n
727,0,0,0,,0,0,1,0,0,0,0,0,0,15,project
728,0,0,1,,0,0,0,0,0,0,0,1,0,0,n
729,0,0,0,,1,0,0,0,0,0,0,0,0,1,one to one
730,0,0,0,,0,0,1,0,0,0,1,0,0,4,project
731,0,0,0,,0,0,0,0,0,0,0,1,0,1,n
732,0,0,0,,0,0,0,0,0,0,0,0,0,3,project
733,0,0,0,,1,0,0,1,1,0,0,0,0,1,one to one
734,0,0,0,,0,0,0,1,1,0,0,0,0,4,project
735,0,0,0,,1,0,0,0,0,0,0,0,0,1,one to one
736,0,0,0,,0,0,0,0,0,0,0,1,0,0,n
737,0,0,0,,0,0,0,0,0,0,0,1,0,2,n
738,0,0,1,,0,0,0,0,0,1,0,0,0,1,n
739,0,0,0,,0,0,1,0,0,0,0,0,0,13,project
740,0,0,0,,0,0,1,0,0,0,0,0,0,13,project
741,0,0,0,,0,0,0,0,0,1,0,0,0,1,broadcast
742,0,0,0,,1,0,0,0,0,0,0,0,0,1,one to one
743,0,0,0,,0,0,0,0,0,0,0,0,0,11,project
744,0,0,0,,0,0,0,0,0,0,0,1,0,0,n
745,0,0,0,,0,1,0,0,0,0,0,0,0,43,team spirit
746,0,0,0,,0,1,0,0,0,0,0,0,0,44,team spirit
747,0,0,0,,0,0,0,0,0,1,0,0,0,1,n
748,0,0,0,,0,0,0,0,0,0,0,0,0,0,n
749,0,0,0,,1,0,0,0,0,0,0,0,0,1,one to one
750,0,0,0,,1,0,0,0,0,0,0,0,0,1,one to one
751,0,0,0,,0,0,0,0,0,0,0,1,0,0,n
752,0,0,0,,0,0,1,0,0,0,0,0,0,12,project
753,0,0,0,,0,0,0,0,0,0,0,1,0,0,n
754,0,0,0,,0,0,1,0,0,0,0,0,0,0,n
755,0,0,0,,0,0,1,0,0,0,0,0,0,7,project
756,0,0,0,,0,0,0,0,0,0,0,0,0,2,external
757,0,0,0,,0,0,0,0,0,0,0,1,0,0,n
758,0,0,0,,0,0,0,0,0,0,0,0,0,1,project
759,0,0,0,,0,0,0,0,0,0,0,0,0,6,project
760,0,0,0,,0,0,1,0,0,0,0,0,0,7,project
761,0,0,0,,0,0,1,0,0,0,0,0,0,2,project
762,0,0,0,,0,0,0,0,0,0,0,1,0,0,n
763,0,0,0,,0,0,0,0,0,0,0,1,0,0,n
764,0,0,0,,0,0,0,0,0,1,0,0,0,43,broadcast
765,0,0,0,,0,0,0,0,0,0,0,0,0,16,team spirit
766,0,0,0,,1,0,0,0,0,0,0,0,0,1,one to one
767,0,0,0,,1,0,0,0,0,0,0,0,0,1,one to one
768,0,0,0,,1,0,0,0,0,0,0,0,0,1,one to one
769,1,0,0,,0,0,0,0,0,0,0,0,0,1,team spirit
770,0,0,0,,1,0,0,0,0,0,0,0,0,1,one to one
771,0,0,0,,0,0,1,0,0,0,0,0,0,5,project
772,0,0,0,,0,0,1,0,0,0,0,0,0,0,n
773,0,0,0,,0,0,1,0,0,0,0,0,0,7,project
774,0,0,0,,0,0,0,0,0,0,0,1,0,0,n
775,0,0,0,,0,0,0,0,0,0,0,0,0,6,project
776,0,0,0,,1,0,1,0,0,0,0,0,0,1,external
777,0,0,0,,0,0,0,0,0,0,1,0,0,3,performance
778,0,0,0,,0,0,0,0,0,0,0,0,0,3,project
779,0,0,0,,0,0,0,0,0,0,0,0,0,2,project
780,0,0,0,,0,0,0,0,0,0,0,1,0,0,n
781,0,0,0,,0,0,1,0,0,0,0,0,0,29,broadcast
782,0,0,0,,0,0,0,0,0,0,0,0,0,6,project
783,0,0,0,,0,0,0,1,1,0,0,0,0,5,project
784,0,0,0,,0,0,1,0,0,0,0,0,0,18,project
785,0,0,0,,1,0,0,0,0,0,0,0,0,1,one to one
786,0,0,0,,0,0,1,0,0,0,0,0,0,11,project
787,0,0,0,,1,0,0,0,0,0,1,0,0,1,performance
788,0,0,0,,0,0,0,0,0,0,0,0,0,4,project
789,0,0,0,,1,0,0,0,0,0,0,0,0,1,one to one
790,0,0,0,,0,0,0,0,0,0,0,1,0,3,project
791,0,0,0,,0,0,0,0,0,0,1,0,0,1,performance
792,0,0,0,,1,0,0,0,0,0,1,0,0,1,performance
793,0,0,0,,1,0,0,0,0,0,1,0,0,1,performance
794,0,0,0,,0,0,1,0,0,0,0,0,0,2,project
795,0,0,0,,0,0,0,1,1,0,0,0,0,5,project
796,0,0,0,,0,1,0,0,0,0,0,0,0,2,team spirit
797,0,0,0,,0,0,0,0,0,1,0,0,0,1,broadcast
798,0,0,0,,0,0,0,0,0,0,0,0,0,8,project
799,0,0,0,,0,0,0,0,0,0,0,0,0,3,project
800,0,0,0,,0,0,0,0,0,0,0,0,0,1,one to one
801,0,0,0,,1,0,0,0,0,0,0,0,0,1,one to one
802,0,0,0,,0,0,0,1,1,0,0,0,0,4,project
803,0,0,0,,0,0,0,1,1,0,0,0,0,10,project
804,0,0,0,,0,0,0,1,1,0,0,0,0,57,project
805,0,0,0,,0,0,0,0,0,0,0,0,0,3,project
806,0,0,0,,0,0,1,0,0,0,0,0,0,1,project
807,0,0,0,,0,0,0,0,0,0,0,1,0,0,n
808,0,0,0,,0,0,0,0,0,0,0,0,0,0,n
809,0,0,0,,0,0,1,0,0,0,0,0,0,27,broadcast
810,0,0,0,,0,0,1,0,0,0,0,0,0,34,project
811,0,0,0,,0,0,0,0,0,1,0,0,0,32,broadcast
812,0,0,0,,0,0,1,0,0,0,0,0,0,33,project
813,0,0,0,,0,0,0,0,0,0,0,0,0,0,n
814,0,0,0,,0,0,0,0,0,0,0,1,0,1,n
815,0,0,0,,0,0,0,0,0,0,0,1,0,1,n
816,0,0,0,,0,0,0,0,0,0,0,0,0,0,n
817,0,0,0,,0,0,0,1,1,0,0,0,0,5,project
818,0,0,0,,0,0,0,1,1,0,0,0,0,3,unknown
819,0,0,0,,0,0,0,0,0,0,0,0,0,4,project
820,0,0,0,,0,0,0,0,0,0,0,0,0,4,external
821,0,0,0,,0,0,1,0,0,0,1,0,0,0,n
822,0,0,0,,0,0,0,0,0,0,0,0,0,0,n
823,0,0,0,,0,0,0,0,0,0,0,0,0,0,n
824,0,0,0,,0,0,1,1,1,0,0,0,0,4,project
825,0,0,0,,0,0,1,1,1,0,0,0,0,4,project
826,0,0,0,,0,0,1,1,1,0,0,0,0,5,project
827,0,0,0,,0,0,0,0,0,1,0,0,0,29,broadcast
828,0,0,0,,1,0,0,0,0,0,0,0,0,1,one to one
829,0,0,0,,0,0,1,1,1,0,0,0,0,5,external
830,0,0,0,,0,0,0,0,0,0,0,0,0,0,n
831,0,0,0,,1,0,1,0,0,0,0,0,0,1,one to one
832,0,0,0,,0,0,1,0,0,0,0,0,0,7,project
833,0,0,0,,0,0,1,1,1,0,0,0,0,6,project
834,0,0,0,,0,0,1,1,1,0,0,0,0,3,project
835,0,0,0,,0,0,0,0,0,0,0,1,0,2,project
836,0,0,0,,0,0,1,0,0,0,0,0,0,7,project
837,0,0,0,,0,0,0,0,0,0,0,0,0,6,project
838,0,0,0,,0,0,1,1,1,0,0,0,0,4,project
839,0,0,0,,0,0,0,0,0,0,0,0,0,21,team spirit
840,0,0,0,,0,0,0,0,0,0,0,0,0,1,project
841,0,0,0,,0,0,0,0,0,0,1,0,0,1,project
842,0,0,0,,1,0,0,0,0,0,0,0,0,1,one to one
843,0,0,0,,0,0,0,0,0,0,0,0,0,6,project
844,0,0,0,,0,0,0,1,1,0,0,0,0,1,project
845,0,0,0,,0,0,0,0,0,0,0,1,0,1,n
846,0,0,0,,0,0,0,0,0,0,0,0,0,0,n
847,0,0,0,,0,0,0,0,0,0,0,0,0,1,team spirit
848,0,0,1,,0,0,0,0,0,0,0,0,0,0,n
849,0,0,0,,0,0,0,0,0,0,0,0,0,1,n
850,0,0,0,,0,0,0,0,0,0,0,0,0,1,team spirit
851,0,0,0,,0,0,0,0,0,0,0,0,0,1,project
852,0,0,0,,0,0,0,0,0,0,0,0,0,3,external
853,0,0,0,,0,0,0,0,0,0,0,0,0,21,broadcast
854,0,0,0,,0,0,0,0,0,0,0,0,0,18,n
855,0,0,0,,0,0,0,0,0,0,0,1,0,2,n
856,0,0,0,,0,0,0,0,0,0,0,0,0,75,team spirit
857,0,0,0,,0,0,0,0,0,0,0,0,0,0,n
858,0,0,0,,0,0,0,0,0,0,0,0,0,1,broadcast
859,0,0,0,,0,0,0,0,0,0,0,1,0,2,n
860,0,0,0,,0,0,0,0,0,0,0,1,0,2,n
861,0,0,0,,0,0,0,0,0,0,0,0,0,3,n
862,0,1,0,,0,0,0,0,0,0,0,0,0,1,n
863,0,1,0,,0,0,0,0,0,0,0,0,0,1,n
864,0,0,0,,0,0,0,0,0,0,0,1,0,7,n
865,0,0,0,,1,0,0,0,0,0,0,0,0,1,one to one
866,0,0,0,,0,0,1,0,0,0,0,0,0,4,project
867,0,0,0,,0,1,0,0,0,0,0,0,0,1,n
868,0,0,0,,0,0,0,0,0,0,0,0,0,1,project
869,0,0,1,,0,0,0,0,0,0,0,0,0,2,n
870,0,0,0,,0,0,0,0,0,0,0,0,0,1,n
871,0,0,0,,0,0,0,0,0,0,0,0,0,7,team spirit
872,0,0,0,,0,1,0,0,0,0,0,0,0,8,project
873,0,0,0,,1,0,0,0,0,0,0,0,0,1,one to one
874,0,0,0,,0,0,1,0,0,0,1,0,0,9,project
875,0,0,0,,0,0,0,0,0,0,1,0,0,0,n
876,0,0,0,,0,0,0,0,0,0,0,0,0,0,n
877,0,0,0,,0,0,0,0,0,0,0,0,0,92,n
878,0,0,0,,0,0,0,0,0,0,0,0,0,0,n
879,0,0,0,,0,0,0,0,0,0,0,1,0,4,project
880,1,0,0,,0,0,0,0,0,0,0,0,0,1,team spirit
881,0,0,0,,0,0,1,0,0,0,0,0,0,4,project
882,0,0,0,,1,0,0,0,0,0,0,0,0,1,one to one
883,0,0,0,,0,0,0,0,0,0,0,0,0,2,project
884,0,0,0,,0,0,0,0,0,0,0,0,0,16,broadcast
885,0,0,0,,0,0,0,0,0,0,0,0,0,1,n
886,0,0,0,,0,0,0,0,0,0,0,0,0,7,project
887,0,0,0,,0,0,1,0,0,0,0,0,0,5,project
888,0,0,0,,0,0,0,0,0,0,0,0,0,0,n
889,0,0,0,,0,0,0,0,0,0,0,0,0,2,project
890,0,1,1,,0,0,0,0,0,0,0,0,0,0,n
891,0,1,1,,0,0,0,0,0,0,0,0,0,0,n
892,0,1,1,,0,0,0,0,0,0,0,0,0,0,n
893,0,0,1,,0,0,0,0,0,0,0,1,0,0,n
894,0,0,1,,0,0,0,0,0,0,0,0,0,0,n
895,0,0,0,,0,0,0,0,0,1,0,0,0,0,n
896,0,0,0,,0,0,0,0,0,0,0,0,0,0,n
897,0,0,0,,0,0,0,0,0,0,0,0,0,0,n
898,0,0,0,,0,0,0,0,0,0,0,0,0,0,n
899,0,0,0,,0,0,0,0,0,0,0,0,0,1,n
900,0,0,0,,0,0,1,0,0,0,0,0,0,4,project
901,0,0,0,,1,0,0,0,0,0,0,0,0,1,one to one
902,0,0,0,,0,0,0,0,0,0,0,0,0,19,project
903,0,0,0,,0,0,0,0,0,0,0,0,0,0,n
904,0,0,0,,0,0,0,0,0,0,0,0,0,0,n
905,0,0,1,,0,0,0,0,0,0,0,1,0,0,n
906,0,0,1,,0,0,0,0,0,0,0,0,0,0,n
907,0,0,0,,0,0,0,0,0,0,0,0,0,0,n
908,0,0,0,,1,0,0,0,0,0,0,0,0,1,one to one
909,0,0,0,,1,0,0,0,0,0,0,0,0,1,one to one
910,0,0,0,,0,0,0,0,0,0,0,1,0,0,n
911,0,0,0,,0,0,0,0,0,0,0,0,0,0,n
912,0,0,0,,0,0,1,0,0,1,0,0,0,8,broadcast
913,0,0,0,,0,0,0,0,0,0,0,0,0,0,n
914,0,0,0,,0,0,0,0,0,0,0,0,0,0,n
915,0,0,0,,0,0,0,0,0,0,0,0,0,15,broadcast
916,0,0,0,,0,0,0,0,0,0,0,0,0,0,n
917,0,0,0,,0,0,0,0,0,0,0,0,0,0,n
918,0,0,1,,0,0,0,0,0,0,0,1,0,0,n
919,0,0,0,,0,0,0,0,0,0,0,0,0,0,n
920,0,0,0,,0,0,0,0,0,0,0,0,0,0,n
921,0,0,0,,0,0,1,0,0,0,0,0,0,0,n
922,0,0,0,,0,0,0,0,0,0,0,0,0,6,project
923,0,0,0,,0,0,0,0,0,0,0,1,0,0,n
924,0,0,0,,1,0,0,1,1,0,0,0,0,1,one to one
925,0,0,0,,0,0,0,0,0,0,0,0,0,0,n
926,0,0,0,,0,0,0,0,0,0,0,1,0,0,n
927,0,0,1,,0,0,0,0,0,0,0,1,0,0,n
928,0,0,0,,1,0,1,0,0,0,0,0,0,1,one to one
929,0,0,0,,1,0,0,1,1,0,0,0,0,1,one to one
930,0,0,0,,0,0,1,0,0,0,0,0,0,1,project
931,0,0,0,,0,0,0,0,0,0,0,0,0,0,n
932,0,0,0,,0,0,0,0,0,0,0,1,0,0,n
933,0,0,0,,0,0,0,0,0,0,0,0,0,0,n
934,0,0,1,,0,0,0,0,0,0,0,0,0,0,n
935,0,0,1,,0,0,0,0,0,0,0,0,0,0,n
936,0,0,1,,0,0,0,0,0,0,0,1,0,0,n
937,0,0,0,,0,0,1,0,0,0,1,1,0,0,n
938,0,0,0,,0,0,1,0,0,0,0,0,0,0,n
939,0,0,0,,0,0,0,0,0,0,0,0,0,0,n
940,0,0,0,,0,0,0,0,0,0,0,0,0,0,n
941,0,0,0,,0,0,1,0,0,0,1,0,0,0,n
942,0,0,0,,0,0,1,0,0,0,0,0,0,0,n
943,0,0,0,,0,0,0,0,0,0,0,0,0,0,n
944,0,0,0,,0,0,0,0,0,0,1,0,0,0,n
945,0,0,0,,0,0,0,0,0,0,0,0,0,0,n
946,0,1,0,,0,0,0,0,0,0,0,0,0,0,n
947,0,0,1,,0,0,0,0,0,0,0,1,0,0,n
948,0,0,1,,0,0,0,0,0,0,0,0,0,0,n
949,0,0,0,,0,0,0,0,0,0,0,0,0,0,n
950,0,0,0,,0,0,0,0,0,0,1,0,0,0,n
951,0,0,0,,0,0,0,0,0,0,0,0,0,0,n
952,0,0,0,,0,0,0,0,0,0,0,1,0,2,project
953,0,0,0,,1,0,1,0,0,0,1,0,0,1,one to one
954,0,0,0,,0,0,0,0,0,0,0,1,0,0,n
955,0,0,0,,0,0,0,1,1,0,0,0,0,3,external
956,0,0,0,,0,0,0,0,0,0,0,0,0,0,n
957,0,0,0,,0,0,0,0,0,0,0,1,0,0,n
958,0,0,0,,0,0,0,0,0,0,0,1,0,0,n
959,0,0,0,,0,0,1,0,0,0,1,0,0,9,project
960,0,0,0,,0,0,0,0,0,0,0,0,0,0,n
961,0,0,0,,0,0,0,0,0,0,0,1,0,0,n
962,0,0,0,,0,0,1,0,0,0,1,0,0,0,n
963,0,0,0,,0,0,0,0,0,0,0,1,0,0,n
964,0,0,0,,0,0,0,0,0,0,0,0,0,0,n
965,0,0,0,,0,0,0,0,0,0,0,0,0,2,n
966,0,0,0,,0,0,0,0,0,0,0,0,0,0,n
967,0,0,0,,0,0,0,0,0,0,0,0,0,1,external
968,0,0,0,,0,0,0,0,0,0,1,0,0,5,projet
969,0,0,0,,1,0,0,0,0,0,0,0,0,1,one to one
970,0,0,0,,1,0,0,0,0,0,0,0,0,1,one to one
971,0,0,0,,0,0,0,0,0,0,0,0,0,0,n
972,0,0,0,,0,0,0,0,0,0,0,1,0,6,project
973,0,0,0,,1,0,0,0,0,0,0,0,0,1,one to one
974,0,0,0,,0,0,1,0,0,0,0,0,0,1,one to one
975,0,0,1,,0,0,1,0,0,0,1,1,0,0,n
976,0,0,0,,0,0,0,0,0,0,0,0,0,0,n
977,0,0,0,,1,0,0,0,0,0,0,0,0,1,one to one
978,0,0,0,,0,0,0,0,0,0,0,0,0,5,team spirit
979,0,0,0,,0,0,0,0,0,0,0,1,0,0,n
980,0,0,0,,0,0,0,0,0,0,0,1,0,0,n
981,0,0,0,,1,0,0,0,0,0,0,0,1,2,external
982,0,0,0,,0,0,1,0,0,0,0,0,0,3,project
983,0,0,0,,1,0,0,0,0,0,0,0,1,2,external
984,0,0,0,,1,0,1,0,0,0,0,0,1,2,external
985,0,0,0,,0,0,0,0,0,0,0,0,0,3,external
986,0,0,0,,1,0,0,0,0,0,0,1,1,1,n
987,0,0,0,,1,0,1,0,0,0,0,0,0,2,one to one
988,0,0,1,,0,0,0,0,0,0,0,0,0,3,team spirit
989,0,0,0,,0,0,1,0,0,0,0,0,0,0,n
990,0,0,0,,0,0,0,0,0,0,0,1,0,0,n
991,0,0,0,,0,0,0,0,0,0,0,0,0,0,n
992,0,0,0,,0,0,1,0,0,0,1,0,0,0,n
993,0,0,0,,0,0,0,0,0,0,0,1,0,0,n
994,0,0,0,,0,0,0,0,0,0,0,0,0,2,n
995,0,0,0,,0,0,0,0,0,0,0,0,0,0,n
996,0,0,0,,0,0,0,0,0,0,0,0,0,1,external
997,0,0,0,,0,0,0,0,0,0,1,0,0,5,project
998,0,0,0,,1,0,0,0,0,0,0,0,0,1,one to one
999,0,0,0,,1,0,0,0,0,0,0,0,0,1,one to one
1000,0,0,0,,0,0,0,0,0,0,0,0,0,0,n
1001,0,0,0,,1,0,0,0,0,0,0,0,0,1,one to one
1002,0,0,0,,0,0,1,0,0,0,0,0,0,1,one to one
1003,0,0,1,,0,0,1,0,0,0,1,1,0,0,n
1004,0,0,0,,0,0,0,0,0,0,0,0,0,5,team spirit
1005,0,0,0,,0,0,0,0,0,0,0,0,0,19,project
1006,0,0,0,,0,0,0,0,0,0,0,0,0,0,one to one
1007,0,0,0,,0,0,0,0,0,0,0,0,0,1,team spirit
1008,0,1,1,,0,0,0,0,0,0,0,1,0,0,n
1009,0,0,0,,0,0,0,0,0,0,1,0,0,6,project
1010,0,0,0,,1,0,1,0,0,0,0,0,0,1,one to one
1011,0,0,0,,1,0,0,0,0,0,0,0,0,1,one to one
1012,0,0,0,,0,0,1,1,1,0,0,0,0,3,project
1013,0,0,0,,0,0,0,0,0,0,0,0,0,0,n
1014,0,0,0,,1,0,0,0,0,0,0,1,0,4,n
1015,0,0,0,,1,0,1,0,0,0,0,0,0,1,one to one
1016,0,0,0,,0,0,1,0,0,0,0,0,0,2,project
1017,0,0,0,,1,0,0,0,0,0,0,0,0,1,one to one
1018,0,0,0,,1,0,0,0,0,0,0,0,0,0,one to one
1019,0,0,0,,1,0,0,0,0,0,0,0,0,1,one to one
1020,0,0,0,,1,0,1,0,0,0,0,0,0,1,one to one
1021,0,0,0,,1,0,1,1,1,0,0,0,0,0,one to one
1022,0,0,0,,0,0,0,1,1,0,0,0,0,0,project
1023,0,0,0,,0,0,1,0,0,0,0,0,0,0,project
1024,0,0,0,,0,0,1,0,0,0,0,0,0,0,broadcast
1025,0,0,0,,1,0,0,0,0,0,0,0,0,0,one to one
1026,0,0,0,,0,0,1,0,0,0,0,0,0,0,one to one
1027,0,0,0,,0,0,0,1,1,0,0,0,0,0,project
1028,0,0,0,,0,0,0,1,1,0,0,0,0,0,project
1029,0,1,0,,0,0,0,0,0,0,0,0,0,0,n
1030,0,0,1,,0,0,0,0,0,0,0,0,0,0,n
1031,0,0,0,,0,0,0,0,0,0,0,0,0,1,project
1032,0,0,0,,0,0,0,0,0,0,0,1,0,0,n
1033,0,0,0,,0,0,0,0,0,0,0,0,0,0,n
1034,0,0,0,,0,0,0,1,1,0,0,0,0,2,project
1035,0,0,0,,0,0,0,0,0,0,0,0,0,1,team spirit
1036,0,0,0,,0,0,1,0,0,0,0,0,0,1,project
1037,0,0,0,,0,0,0,0,0,0,0,1,0,0,n
1038,0,0,0,,1,0,0,0,0,0,0,0,0,1,one to one
1039,0,0,0,,1,0,0,0,0,0,0,0,0,1,one to one
1040,0,0,0,,0,0,0,0,0,0,0,0,0,0,n
1041,0,0,0,,0,0,0,0,0,0,0,0,0,0,n
1042,0,0,0,,1,0,0,0,0,0,0,0,0,1,one to one
1043,0,0,0,,0,0,0,0,0,0,0,0,0,8,project
1044,0,0,0,,0,0,0,0,0,0,0,0,0,16,team spirit
1045,0,0,0,,0,0,0,0,0,0,0,0,0,6,project
1046,0,0,0,,0,0,0,0,0,0,0,0,0,1,external
1047,0,0,0,,0,0,0,0,0,0,0,0,0,0,one to one
1048,0,0,0,,0,0,0,0,0,0,0,0,0,4,team spirit
1049,0,0,0,,0,0,1,0,0,0,0,0,0,2,project
1050,0,0,0,,0,0,0,0,0,0,0,0,0,3,project
1051,0,0,0,,0,0,0,0,0,0,0,0,0,2,project
1052,0,0,0,,0,0,0,0,0,0,0,0,0,1,performance
1053,0,0,0,,0,0,1,0,0,0,0,0,0,2,project
1054,0,0,0,,0,0,0,0,0,0,0,0,0,3,project
1055,0,0,0,,0,0,0,0,0,0,0,0,0,1,one to one
1056,0,0,0,,0,0,0,0,0,0,0,0,0,3,external
1057,0,0,0,,0,0,0,0,0,0,0,0,0,2,project
1058,0,0,0,,0,0,0,0,0,0,0,0,0,3,project
1059,0,0,0,,0,0,0,0,0,0,0,0,0,14,project
1060,0,0,0,,0,0,0,0,0,0,0,0,0,6,project
1061,0,0,0,,0,0,1,0,0,0,0,0,0,3,project
1062,0,0,0,,0,0,0,0,0,0,0,0,0,2,project
1063,0,0,0,,0,0,1,0,0,0,0,0,0,2,external
1064,0,0,0,,0,0,1,0,0,0,0,0,0,2,project
1065,0,0,0,,0,0,0,0,0,0,0,0,0,15,team spirit
1066,0,0,1,,0,0,0,0,0,0,0,0,0,2,project
1067,0,0,0,,0,0,0,0,0,0,0,0,0,3,project
1068,0,0,0,,0,0,1,0,0,0,0,0,0,2,project
1069,0,0,0,,0,0,0,0,0,0,0,0,0,2,project
1070,0,0,0,,0,0,0,0,0,0,0,0,0,2,project
1071,0,0,0,,0,0,0,0,0,0,0,0,1,2,project
1072,0,0,0,,0,0,1,0,0,0,0,0,0,3,project
1073,0,0,0,,0,0,0,1,1,0,0,0,0,1,team spirit
1074,0,0,0,,0,0,0,0,0,0,0,0,0,3,project
1075,0,0,1,,0,0,0,0,0,0,0,0,0,2,n
1076,0,0,1,,0,0,0,0,0,0,0,0,0,2,project
1077,0,0,1,,0,0,0,0,0,0,0,0,0,1,project
